{
  "04 - Create Booking" : {
    "transaction" : "04 - Create Booking",
    "sampleCount" : 1264,
    "errorCount" : 0,
    "errorPct" : 0.0,
    "meanResTime" : 244.81882911392404,
    "medianResTime" : 219.0,
    "minResTime" : 200.0,
    "maxResTime" : 760.0,
    "pct1ResTime" : 239.0,
    "pct2ResTime" : 623.75,
    "pct3ResTime" : 710.0999999999995,
    "throughput" : 4.4940144988853845,
    "receivedKBytesPerSec" : 4.206576396024362,
    "sentKBytesPerSec" : 2.435720748907606
  },
  "07 - Partial Update" : {
    "transaction" : "07 - Partial Update",
    "sampleCount" : 1193,
    "errorCount" : 0,
    "errorPct" : 0.0,
    "meanResTime" : 251.8901927912826,
    "medianResTime" : 219.0,
    "minResTime" : 200.0,
    "maxResTime" : 819.0,
    "pct1ResTime" : 242.0,
    "pct2ResTime" : 649.8999999999999,
    "pct3ResTime" : 707.0,
    "throughput" : 4.469637933101547,
    "receivedKBytesPerSec" : 4.083311224766965,
    "sentKBytesPerSec" : 1.5550207968824932
  },
  "05 - Get Specific Booking" : {
    "transaction" : "05 - Get Specific Booking",
    "sampleCount" : 1243,
    "errorCount" : 0,
    "errorPct" : 0.0,
    "meanResTime" : 249.71198712791605,
    "medianResTime" : 219.0,
    "minResTime" : 199.0,
    "maxResTime" : 852.0,
    "pct1ResTime" : 240.0,
    "pct2ResTime" : 648.5999999999999,
    "pct3ResTime" : 697.0,
    "throughput" : 4.507493753694296,
    "receivedKBytesPerSec" : 4.091928009740248,
    "sentKBytesPerSec" : 1.2029691256622537
  },
  "Total" : {
    "transaction" : "Total",
    "sampleCount" : 10024,
    "errorCount" : 0,
    "errorPct" : 0.0,
    "meanResTime" : 264.9326616121308,
    "medianResTime" : 219.0,
    "minResTime" : 199.0,
    "maxResTime" : 10934.0,
    "pct1ResTime" : 245.0,
    "pct2ResTime" : 666.0,
    "pct3ResTime" : 900.0,
    "throughput" : 32.89426188085347,
    "receivedKBytesPerSec" : 27.242076414389274,
    "sentKBytesPerSec" : 11.763912979229428
  },
  "06 - Update Booking" : {
    "transaction" : "06 - Update Booking",
    "sampleCount" : 1212,
    "errorCount" : 0,
    "errorPct" : 0.0,
    "meanResTime" : 270.0206270627061,
    "medianResTime" : 220.0,
    "minResTime" : 200.0,
    "maxResTime" : 856.0,
    "pct1ResTime" : 624.0,
    "pct2ResTime" : 661.0,
    "pct3ResTime" : 714.7399999999998,
    "throughput" : 4.4512674359671225,
    "receivedKBytesPerSec" : 4.032483440881146,
    "sentKBytesPerSec" : 2.4137214014330732
  },
  "01 - Health Check" : {
    "transaction" : "01 - Health Check",
    "sampleCount" : 1340,
    "errorCount" : 0,
    "errorPct" : 0.0,
    "meanResTime" : 344.55149253731344,
    "medianResTime" : 221.0,
    "minResTime" : 200.0,
    "maxResTime" : 2703.0,
    "pct1ResTime" : 884.0,
    "pct2ResTime" : 923.0,
    "pct3ResTime" : 1019.7699999999998,
    "throughput" : 4.526078996966851,
    "receivedKBytesPerSec" : 3.3075974162506503,
    "sentKBytesPerSec" : 1.1699803377333127
  },
  "03 - Get All Bookings" : {
    "transaction" : "03 - Get All Bookings",
    "sampleCount" : 1291,
    "errorCount" : 0,
    "errorPct" : 0.0,
    "meanResTime" : 258.78776142525163,
    "medianResTime" : 219.0,
    "minResTime" : 200.0,
    "maxResTime" : 10910.0,
    "pct1ResTime" : 241.0,
    "pct2ResTime" : 647.0,
    "pct3ResTime" : 698.0799999999999,
    "throughput" : 4.389036587770533,
    "receivedKBytesPerSec" : 3.331339008880065,
    "sentKBytesPerSec" : 1.2687058886524196
  },
  "02 - Get Auth Token" : {
    "transaction" : "02 - Get Auth Token",
    "sampleCount" : 1314,
    "errorCount" : 0,
    "errorPct" : 0.0,
    "meanResTime" : 242.02435312024363,
    "medianResTime" : 218.0,
    "minResTime" : 199.0,
    "maxResTime" : 800.0,
    "pct1ResTime" : 238.0,
    "pct2ResTime" : 607.75,
    "pct3ResTime" : 695.6999999999998,
    "throughput" : 4.521492574291495,
    "receivedKBytesPerSec" : 3.406563669944806,
    "sentKBytesPerSec" : 1.513179245437215
  },
  "08 - Delete Booking" : {
    "transaction" : "08 - Delete Booking",
    "sampleCount" : 1167,
    "errorCount" : 0,
    "errorPct" : 0.0,
    "meanResTime" : 252.14910025706936,
    "medianResTime" : 218.0,
    "minResTime" : 200.0,
    "maxResTime" : 10934.0,
    "pct1ResTime" : 238.0,
    "pct2ResTime" : 621.9999999999995,
    "pct3ResTime" : 688.9599999999998,
    "throughput" : 4.31830376140169,
    "receivedKBytesPerSec" : 3.156557735804548,
    "sentKBytesPerSec" : 1.2450580144868546
  }
}