{
  "04 - Create Booking" : {
    "transaction" : "04 - Create Booking",
    "sampleCount" : 1141,
    "errorCount" : 0,
    "errorPct" : 0.0,
    "meanResTime" : 654.5617879053459,
    "medianResTime" : 253.0,
    "minResTime" : 195.0,
    "maxResTime" : 17117.0,
    "pct1ResTime" : 1290.7999999999997,
    "pct2ResTime" : 2546.3999999999924,
    "pct3ResTime" : 7025.959999999981,
    "throughput" : 4.068156779132246,
    "receivedKBytesPerSec" : 3.808614989383929,
    "sentKBytesPerSec" : 2.20490919181484
  },
  "07 - Partial Update" : {
    "transaction" : "07 - Partial Update",
    "sampleCount" : 1067,
    "errorCount" : 58,
    "errorPct" : 5.4358015,
    "meanResTime" : 763.3767572633542,
    "medianResTime" : 255.0,
    "minResTime" : 197.0,
    "maxResTime" : 20001.0,
    "pct1ResTime" : 1446.6000000000004,
    "pct2ResTime" : 3642.599999999994,
    "pct3ResTime" : 7981.679999999986,
    "throughput" : 3.9810313370967196,
    "receivedKBytesPerSec" : 3.607339624273844,
    "sentKBytesPerSec" : 1.3827333026143473
  },
  "05 - Get Specific Booking" : {
    "transaction" : "05 - Get Specific Booking",
    "sampleCount" : 1115,
    "errorCount" : 27,
    "errorPct" : 2.4215248,
    "meanResTime" : 779.0690582959643,
    "medianResTime" : 255.0,
    "minResTime" : 196.0,
    "maxResTime" : 18515.0,
    "pct1ResTime" : 1441.8,
    "pct2ResTime" : 3289.0000000000027,
    "pct3ResTime" : 10477.079999999862,
    "throughput" : 4.024253798679035,
    "receivedKBytesPerSec" : 3.6357893819702602,
    "sentKBytesPerSec" : 1.0727207925794926
  },
  "Total" : {
    "transaction" : "Total",
    "sampleCount" : 9044,
    "errorCount" : 202,
    "errorPct" : 2.233525,
    "meanResTime" : 783.2769792127381,
    "medianResTime" : 255.0,
    "minResTime" : 195.0,
    "maxResTime" : 23737.0,
    "pct1ResTime" : 1420.0,
    "pct2ResTime" : 3346.0,
    "pct3ResTime" : 10323.399999999965,
    "throughput" : 30.188628860783155,
    "receivedKBytesPerSec" : 24.813305598949203,
    "sentKBytesPerSec" : 10.790715240016956
  },
  "06 - Update Booking" : {
    "transaction" : "06 - Update Booking",
    "sampleCount" : 1097,
    "errorCount" : 55,
    "errorPct" : 5.013674,
    "meanResTime" : 867.6216955332741,
    "medianResTime" : 259.0,
    "minResTime" : 197.0,
    "maxResTime" : 20648.0,
    "pct1ResTime" : 1468.0000000000014,
    "pct2ResTime" : 3664.8999999999937,
    "pct3ResTime" : 12745.039999999994,
    "throughput" : 4.012274561008884,
    "receivedKBytesPerSec" : 3.5994952710845576,
    "sentKBytesPerSec" : 2.1745643177761687
  },
  "01 - Health Check" : {
    "transaction" : "01 - Health Check",
    "sampleCount" : 1221,
    "errorCount" : 1,
    "errorPct" : 0.08190008,
    "meanResTime" : 1141.4963144963147,
    "medianResTime" : 268.0,
    "minResTime" : 196.0,
    "maxResTime" : 23737.0,
    "pct1ResTime" : 1957.6,
    "pct2ResTime" : 4342.899999999985,
    "pct3ResTime" : 17482.879999999976,
    "throughput" : 4.099722991689751,
    "receivedKBytesPerSec" : 3.003946581465626,
    "sentKBytesPerSec" : 1.0587829472005372
  },
  "03 - Get All Bookings" : {
    "transaction" : "03 - Get All Bookings",
    "sampleCount" : 1168,
    "errorCount" : 0,
    "errorPct" : 0.0,
    "meanResTime" : 621.4606164383554,
    "medianResTime" : 252.0,
    "minResTime" : 197.0,
    "maxResTime" : 16164.0,
    "pct1ResTime" : 1104.2000000000016,
    "pct2ResTime" : 2306.949999999998,
    "pct3ResTime" : 8251.029999999999,
    "throughput" : 4.095558352940351,
    "receivedKBytesPerSec" : 2.978199391977895,
    "sentKBytesPerSec" : 1.1838723363968202
  },
  "02 - Get Auth Token" : {
    "transaction" : "02 - Get Auth Token",
    "sampleCount" : 1190,
    "errorCount" : 0,
    "errorPct" : 0.0,
    "meanResTime" : 717.6117647058815,
    "medianResTime" : 253.0,
    "minResTime" : 197.0,
    "maxResTime" : 18264.0,
    "pct1ResTime" : 1266.900000000001,
    "pct2ResTime" : 3393.6000000000004,
    "pct3ResTime" : 9561.799999999974,
    "throughput" : 4.0860894407208,
    "receivedKBytesPerSec" : 3.0793480369602237,
    "sentKBytesPerSec" : 1.3673390651611086
  },
  "08 - Delete Booking" : {
    "transaction" : "08 - Delete Booking",
    "sampleCount" : 1045,
    "errorCount" : 61,
    "errorPct" : 5.837321,
    "meanResTime" : 697.1722488038264,
    "medianResTime" : 249.0,
    "minResTime" : 195.0,
    "maxResTime" : 20002.0,
    "pct1ResTime" : 1304.9999999999998,
    "pct2ResTime" : 3025.4999999999977,
    "pct3ResTime" : 9013.279999999999,
    "throughput" : 3.9223340327223997,
    "receivedKBytesPerSec" : 2.8762047922852005,
    "sentKBytesPerSec" : 1.1288879666920648
  }
}